appName,userName,reviews,rating,at,category
Spotify: Putar Musik & Podcast,Fikri Nazril244,Nice,5,2024-10-19 00:30:28,Music & Audio
Spotify: Putar Musik & Podcast,Aang Junaedi,Rekomendasi sekali,5,2024-10-19 00:26:24,Music & Audio
Spotify: Putar Musik & Podcast,Tata Doang,memuaskan,5,2024-10-18 23:49:58,Music & Audio
Spotify: Putar Musik & Podcast,Dadang,aplikasinya keluar muluuu,1,2024-10-18 23:38:43,Music & Audio
Spotify: Putar Musik & Podcast,rafly Muhammad,Okehlah,5,2024-10-18 23:36:42,Music & Audio
Spotify: Putar Musik & Podcast,Aryo Nagata,terimakasih,5,2024-10-18 23:31:06,Music & Audio
Spotify: Putar Musik & Podcast,ahmad sugeng,Rajskft,1,2024-10-18 23:18:34,Music & Audio
Spotify: Putar Musik & Podcast,Pras Ariyanto,Bagus sekali,5,2024-10-18 23:18:33,Music & Audio
Spotify: Putar Musik & Podcast,Indah Nur,Mantap Spotify.aku JD bisa dengerin lagu kesukaankuüëç,5,2024-10-18 23:16:09,Music & Audio
Spotify: Putar Musik & Podcast,Rahmat Hidayat,Sangat rekomendet,5,2024-10-18 23:06:45,Music & Audio
Spotify: Putar Musik & Podcast,Tengku alpandi maulana Abang,Lagu nya lengkap dan menyenangkan kan kita,5,2024-10-18 22:56:44,Music & Audio
Spotify: Putar Musik & Podcast,Abet Negomanuelgarjito,bagus bangttt,5,2024-10-18 22:55:05,Music & Audio
Spotify: Putar Musik & Podcast,Yakin Ainul,Mantap,5,2024-10-18 22:46:02,Music & Audio
Spotify: Putar Musik & Podcast,Maryanti Maryanti,Kemapa ga bisa login padahal udah bener,1,2024-10-18 22:36:18,Music & Audio
Spotify: Putar Musik & Podcast,Muhamad Raffa khoerulloh,Bagus,5,2024-10-18 22:35:46,Music & Audio
Spotify: Putar Musik & Podcast,Evi Nur,TOP HITüëç,5,2024-10-18 22:26:01,Music & Audio
Spotify: Putar Musik & Podcast,Hervit Saputra,Sangat bagus,5,2024-10-18 22:19:13,Music & Audio
Spotify: Putar Musik & Podcast,17 Chelsea Olivia,ok,5,2024-10-18 22:16:28,Music & Audio
Spotify: Putar Musik & Podcast,Sabil Abil,Sangatlah bagus,5,2024-10-18 22:12:09,Music & Audio
Spotify: Putar Musik & Podcast,Sayyid Zikrullah,Super,5,2024-10-18 22:06:04,Music & Audio
Spotify: Putar Musik & Podcast,Rapi Prima,Mantul musiknys,5,2024-10-18 22:00:59,Music & Audio
Spotify: Putar Musik & Podcast,Haykal Syailendra,Bagus,4,2024-10-18 22:00:03,Music & Audio
Spotify: Putar Musik & Podcast,Mawar,Untuk Spotify inii aplikasi paling top sihh baguss bngtt aplikasi nyaa,5,2024-10-18 21:53:20,Music & Audio
Spotify: Putar Musik & Podcast,Ridwan,terlalu banyak iklan,1,2024-10-18 21:46:27,Music & Audio
Spotify: Putar Musik & Podcast,Afiza Cici,Ewsw,4,2024-10-18 21:42:08,Music & Audio
Spotify: Putar Musik & Podcast,Ripan Apandi,sangat menyenangkan sekali jika anda mendengarkan musik diSpotify,5,2024-10-18 21:30:27,Music & Audio
Spotify: Putar Musik & Podcast,Zagi Leo,"Saya tidak menyukai iklannya karna mengganggu,untuk menghilangkan iklan harus premium dulu,gimana lah nasib orang susah seperti saya",1,2024-10-18 21:27:29,Music & Audio
Spotify: Putar Musik & Podcast,Irvan Wae,Lagu lagunya sangat lengkap,5,2024-10-18 21:26:37,Music & Audio
Spotify: Putar Musik & Podcast,Putri Amalia,Masak Iyah tiap mau denger lagu harus premium dulu kan GK enk,3,2024-10-18 21:18:48,Music & Audio
Spotify: Putar Musik & Podcast,Rudi Muliawan,Sangat puas,5,2024-10-18 21:14:00,Music & Audio
Spotify: Putar Musik & Podcast,Agung Fajar,Enak banget buat yg suka dengerin musik,5,2024-10-18 21:02:14,Music & Audio
Spotify: Putar Musik & Podcast,Qory Auliani,all good!,4,2024-10-18 20:59:59,Music & Audio
Spotify: Putar Musik & Podcast,Abdi Khalis,sangat bagus,5,2024-10-18 20:58:58,Music & Audio
Spotify: Putar Musik & Podcast,Bian Pm,Bagus banget,5,2024-10-18 20:54:14,Music & Audio
Spotify: Putar Musik & Podcast,arga saputra,Ahmat Arga .s,5,2024-10-18 20:47:43,Music & Audio
Spotify: Putar Musik & Podcast,Silvi Putri,bgus GX,3,2024-10-18 20:44:13,Music & Audio
Spotify: Putar Musik & Podcast,hendra cattur25,Byk bgt iklan ny,3,2024-10-18 20:37:45,Music & Audio
Spotify: Putar Musik & Podcast,Lisyah Prameswari,knpa apk ny tidakmuncul di layarr,2,2024-10-18 20:31:42,Music & Audio
Spotify: Putar Musik & Podcast,dr. Adiany Adil,Coba saja iklan nya tidk terlalu panjang,5,2024-10-18 20:28:26,Music & Audio
Spotify: Putar Musik & Podcast,Raditya Wicaksono,Ini Spotify bisa menyalakan lagu yang sangat keren dan bisa buat sambil main gem,5,2024-10-18 20:24:59,Music & Audio
Spotify: Putar Musik & Podcast,Desi Rachma Nilasari,"Mau setel musik kenapa harus denger iklan dulu, dan iklan gk jalan2 lagi. Parah",1,2024-10-18 20:24:50,Music & Audio
Spotify: Putar Musik & Podcast,bilbenbay channel,Baduasss,5,2024-10-18 20:23:59,Music & Audio
Spotify: Putar Musik & Podcast,Destri Jahira,sangat bagus,5,2024-10-18 20:23:29,Music & Audio
Spotify: Putar Musik & Podcast,novan zaman,Ok,5,2024-10-18 20:14:18,Music & Audio
Spotify: Putar Musik & Podcast,Reza Yuliana,"Harus bangett premium yaa?? Sampai dikit"" iklan disuruh premiumüóø",1,2024-10-18 19:53:03,Music & Audio
Spotify: Putar Musik & Podcast,Rangga Arie Prasetya,GOOD,5,2024-10-18 19:50:17,Music & Audio
Spotify: Putar Musik & Podcast,Muzani Achmad,Spotify I Love You ! ü•∞,5,2024-10-18 19:48:49,Music & Audio
Spotify: Putar Musik & Podcast,ALI FAISAL,knapa gabisa login pake no telpon??????,1,2024-10-18 19:45:37,Music & Audio
Spotify: Putar Musik & Podcast,Afifa putri,Ini sangat menyenangkan,5,2024-10-18 19:45:02,Music & Audio
Spotify: Putar Musik & Podcast,MHD RAFA,Baguss choss,5,2024-10-18 19:37:56,Music & Audio
Spotify: Putar Musik & Podcast,Naufal Syamil,Bagus lengkap,5,2024-10-18 19:34:45,Music & Audio
Spotify: Putar Musik & Podcast,Devan Austin,aplikasi ini sangat bagus untuk mendengarkan musik,4,2024-10-18 19:31:06,Music & Audio
Spotify: Putar Musik & Podcast,Grobak 22,Aplikasi musik yang bagus yang kutemui,5,2024-10-18 19:27:12,Music & Audio
Spotify: Putar Musik & Podcast,Arie Kareem Karmen Kareem,üëçüëçüëçüëç,4,2024-10-18 19:23:50,Music & Audio
Spotify: Putar Musik & Podcast,Maida,seru untuk didengar,5,2024-10-18 19:11:19,Music & Audio
Spotify: Putar Musik & Podcast,Nuri Nurul Fauziah,Mantap bagus,5,2024-10-18 19:06:06,Music & Audio
Spotify: Putar Musik & Podcast,Afnan Amnan,Mantap bisa dengerin musik sambil main HP the best lah pokoknya,5,2024-10-18 19:05:23,Music & Audio
Spotify: Putar Musik & Podcast,Binti Cantik,Sangat bermanfaat,5,2024-10-18 19:01:05,Music & Audio
Spotify: Putar Musik & Podcast,Naqqya Inara,Bagus sekli,1,2024-10-18 18:56:26,Music & Audio
Spotify: Putar Musik & Podcast,Demian Dunov Bahri Al Rizky,banyak iklan,1,2024-10-18 18:55:05,Music & Audio
Spotify: Putar Musik & Podcast,zahrotull jannah,bagussss bgtt,5,2024-10-18 18:41:33,Music & Audio
Spotify: Putar Musik & Podcast,Hendra aryansyah,Mantap,4,2024-10-18 18:38:30,Music & Audio
Spotify: Putar Musik & Podcast,Indah Nur Afifah,bagussss banget,5,2024-10-18 18:32:53,Music & Audio
Spotify: Putar Musik & Podcast,Rasyid Putra Alamsyah,Pariti,5,2024-10-18 18:28:42,Music & Audio
Spotify: Putar Musik & Podcast,Erma Krestanto,Sangat menyenangkan dengan Spotify putar musik yg kau suka maka seakan hilang separuh beban hidupmu.makasih Spotify,5,2024-10-18 18:20:49,Music & Audio
Spotify: Putar Musik & Podcast,Septi Akbar Septi,Sangat bagus,5,2024-10-18 18:15:12,Music & Audio
Spotify: Putar Musik & Podcast,Alkantara,Mantap....üëçüëçüëç,5,2024-10-18 18:09:26,Music & Audio
Spotify: Putar Musik & Podcast,Raden Partodipo,Bagus,4,2024-10-18 18:07:22,Music & Audio
Spotify: Putar Musik & Podcast,Siti Aminah,Aku suka lagu 2 nya,5,2024-10-18 17:56:57,Music & Audio
Spotify: Putar Musik & Podcast,Novi Yanti,Love it,5,2024-10-18 17:56:23,Music & Audio
Spotify: Putar Musik & Podcast,M Rasya,Kalo anda mau mendengarkan lagu ini aplikasi yang tepat,5,2024-10-18 17:50:36,Music & Audio
Spotify: Putar Musik & Podcast,Zovan Kurniawan,kikir kebelet haji ato gimana,2,2024-10-18 17:38:27,Music & Audio
Spotify: Putar Musik & Podcast,Faisal Fahlevi,"Mantap , lagu selalu update",5,2024-10-18 17:37:58,Music & Audio
Spotify: Putar Musik & Podcast,Axella Axella,Bagus bgt üëçüèªüëçüèª,5,2024-10-18 17:36:21,Music & Audio
Spotify: Putar Musik & Podcast,Putri Jasmine,Seru,5,2024-10-18 17:20:31,Music & Audio
Spotify: Putar Musik & Podcast,Samsung Batam,Wawwwxx,5,2024-10-18 17:19:47,Music & Audio
Spotify: Putar Musik & Podcast,********,Jelek bintang satu,1,2024-10-18 17:16:51,Music & Audio
Spotify: Putar Musik & Podcast,Bbc Brooklyn,mantap,5,2024-10-18 17:06:43,Music & Audio
Spotify: Putar Musik & Podcast,aqiilah az zahra,aneh bgt lama lama jadi kaga bisa muterin lagu nya premium premium pdahal seru lagunya cuman gara gara premium doang pgn uninstall jadi nyaü§ó,1,2024-10-18 16:53:49,Music & Audio
Spotify: Putar Musik & Podcast,Ratmini Mini,Music Asia Master Random!,5,2024-10-18 16:46:52,Music & Audio
Spotify: Putar Musik & Podcast,amira shidqia,bagus kok,5,2024-10-18 16:45:10,Music & Audio
Spotify: Putar Musik & Podcast,Desiana Katarina,Kok gak bisa offline,1,2024-10-18 16:42:57,Music & Audio
Spotify: Putar Musik & Podcast,Azari suka Kaigaku,"PLEASE SPOTIFY, EVERYTIME I SEARCH FOR A SONG IN SEARCH, SPOTIFY ALWAYS DOESN'T RESPOND!!!! PLEASE FIX IT. I AM WAITING FOR IT TO BE LIKE BEFORE",3,2024-10-18 16:33:36,Music & Audio
Spotify: Putar Musik & Podcast,Yulita,Mantap seru lagunya lengkap debes lah mantap,5,2024-10-18 16:23:56,Music & Audio
Spotify: Putar Musik & Podcast,Dalul Hafid,Bagus sapay aku tidur anjay kelas men,5,2024-10-18 16:13:37,Music & Audio
Spotify: Putar Musik & Podcast,Hily Tiade,Jangan ada iklan lagi,5,2024-10-18 16:00:39,Music & Audio
Spotify: Putar Musik & Podcast,Samsul Bahri,Godd,5,2024-10-18 15:53:05,Music & Audio
Spotify: Putar Musik & Podcast,Jamila Rahmadhani,Bagus polllllll bagus banget puass,5,2024-10-18 15:42:58,Music & Audio
Spotify: Putar Musik & Podcast,Wisma Auryn,Semoga bisa gratis selamanya,5,2024-10-18 15:34:23,Music & Audio
Spotify: Putar Musik & Podcast,Abdi Abi,Bagus banget tapi lebih bagus lagi kalo di tambahin lagu unik,5,2024-10-18 15:33:13,Music & Audio
Spotify: Putar Musik & Podcast,Dara,saya sedang menginstal semoga bagus,5,2024-10-18 15:27:46,Music & Audio
Spotify: Putar Musik & Podcast,Sabri Bri,Terima kasih untuk yang sudah menciptakan aplikasi spotify saya bisa mendengarkan lagu galau dan kpop yang saya sangat sukai bintang 5 utuk aplikasi spotify,5,2024-10-18 15:27:28,Music & Audio
Spotify: Putar Musik & Podcast,wafa s cristian,saya suka musik,5,2024-10-18 15:12:26,Music & Audio
Spotify: Putar Musik & Podcast,Abudaud Sadek,"sumber informasi masa kini, sambil ngemusicüòÅüëç",5,2024-10-18 15:10:48,Music & Audio
Spotify: Putar Musik & Podcast,Sael koteka Makituma,Oke,5,2024-10-18 14:59:08,Music & Audio
Spotify: Putar Musik & Podcast,Restiana W.,"untuk fitur fitur sebelumnya, sudah oke. cuma minusnya di sini, posisinya lagi puter lagu (ntah itu di playlist atau bukan) tp tiap layar kekunci, lagunya tbtb mati. pdhl beberapa hari lalu masih oke, tp ini tbtb aja begini. saya sampai hapus acc, terus login lagi tp ujung ujungnya percuma. tolong ya pihak spotify! terimakasih",4,2024-10-18 14:46:39,Music & Audio
Spotify: Putar Musik & Podcast,Deterjen Rinso,tiap 2lagu muncul iklan hampir 1menit lebih iklan nya ganggu,2,2024-10-18 14:45:43,Music & Audio
Spotify: Putar Musik & Podcast,Delva Fajar,Spotifiy putar musik ok ‚ù§Ô∏è,5,2024-10-18 14:31:04,Music & Audio
Spotify: Putar Musik & Podcast,Chandra Hidayat,Apa¬≤ premium kocak,1,2024-10-18 14:26:38,Music & Audio
Spotify: Putar Musik & Podcast,Murah Mulia,Karena saya tidak suka hh,5,2024-10-18 14:17:31,Music & Audio
